idQuestionFormats,"questionFormat","answerFormat","userResponseType"
1,"Is [COURSE_NUM] going to be offered next quarter?","[UNKNOWN]","QUESTION"
2,"Is [COURSE_DEPT][COURSE_NUM] going to be offered next quarter?","[UNKNOWN]","QUESTION"
3,"Is [COURSE_DEPT]_[COURSE_NUM] going to be offered next quarter?","[UNKNOWN]","QUESTION"
4,"Is [COURSE_DEPT] [COURSE_NUM] going to be offered next quarter?","[UNKNOWN]","QUESTION"
5,"Is [COURSE_DEPT]-[COURSE_NUM] going to be offered next quarter?","[UNKNOWN]","QUESTION"
6,"Is [COURSE_NUM] currently offered?","[UNKNOWN]","QUESTION"
7,"Is [COURSE_DEPT][COURSE_NUM] currently offered?","[UNKNOWN]","QUESTION"
8,"Is [COURSE_DEPT]_[COURSE_NUM] currently offered?","[UNKNOWN]","QUESTION"
9,"Is [COURSE_DEPT] [COURSE_NUM] currently offered?","[UNKNOWN]","QUESTION"
10,"Is [COURSE_DEPT]-[COURSE_NUM] currently offered?","[UNKNOWN]","QUESTION"
11,"Does [COURSE_NUM] require consent of instructor?","[UNKNOWN]","QUESTION"
12,"Does [COURSE_DEPT][COURSE_NUM] require consent of instructor?","[UNKNOWN]","QUESTION"
13,"Does [COURSE_DEPT]_[COURSE_NUM] require consent of instructor?","[UNKNOWN]","QUESTION"
14,"Does [COURSE_DEPT] [COURSE_NUM] require consent of instructor?","[UNKNOWN]","QUESTION"
15,"Does [COURSE_DEPT]-[COURSE_NUM] require consent of instructor?","[UNKNOWN]","QUESTION"
16,"Does [COURSE_NUM] require consent of instructor?","[UNKNOWN]","QUESTION"
17,"Does [COURSE_DEPT][COURSE_NUM] require consent of instructor?","[UNKNOWN]","QUESTION"
18,"Does [COURSE_DEPT]_[COURSE_NUM] require consent of instructor?","[UNKNOWN]","QUESTION"
19,"Does [COURSE_DEPT] [COURSE_NUM] require consent of instructor?","[UNKNOWN]","QUESTION"
20,"Does [COURSE_DEPT]-[COURSE_NUM] require consent of instructor?","[UNKNOWN]","QUESTION"
21,"Can I get into [COURSE_NUM] with instructor's consent?","[UNKNOWN]","QUESTION"
22,"Can I get into [COURSE_DEPT][COURSE_NUM] with instructor's consent?","[UNKNOWN]","QUESTION"
23,"Can I get into [COURSE_DEPT]_[COURSE_NUM] with instructor's consent?","[UNKNOWN]","QUESTION"
24,"Can I get into [COURSE_DEPT] [COURSE_NUM] with instructor's consent?","[UNKNOWN]","QUESTION"
25,"Can I get into [COURSE_DEPT]-[COURSE_NUM] with instructor's consent?","[UNKNOWN]","QUESTION"
26,"Can I get into [COURSE_NUM] with instructor's consent?","[UNKNOWN]","QUESTION"
27,"Can I get into [COURSE_DEPT][COURSE_NUM] with instructor's consent?","[UNKNOWN]","QUESTION"
28,"Can I get into [COURSE_DEPT]_[COURSE_NUM] with instructor's consent?","[UNKNOWN]","QUESTION"
29,"Can I get into [COURSE_DEPT] [COURSE_NUM] with instructor's consent?","[UNKNOWN]","QUESTION"
30,"Can I get into [COURSE_DEPT]-[COURSE_NUM] with instructor's consent?","[UNKNOWN]","QUESTION"
31,"Does [COURSE_NUM] have an upper divisional prerequisite?","[LIST:PREREQ]","QUESTION"
32,"Does [COURSE_DEPT][COURSE_NUM] have an upper divisional prerequisite?","[LIST:PREREQ]","QUESTION"
33,"Does [COURSE_DEPT]_[COURSE_NUM] have an upper divisional prerequisite?","[LIST:PREREQ]","QUESTION"
34,"Does [COURSE_DEPT] [COURSE_NUM] have an upper divisional prerequisite?","[LIST:PREREQ]","QUESTION"
35,"Does [COURSE_DEPT]-[COURSE_NUM] have an upper divisional prerequisite?","[LIST:PREREQ]","QUESTION"
36,"Does [COURSE_NUM] have an upper divisional prerequisite?","[LIST:PREREQ]","QUESTION"
37,"Does [COURSE_DEPT][COURSE_NUM] have an upper divisional prerequisite?","[LIST:PREREQ]","QUESTION"
38,"Does [COURSE_DEPT]_[COURSE_NUM] have an upper divisional prerequisite?","[LIST:PREREQ]","QUESTION"
39,"Does [COURSE_DEPT] [COURSE_NUM] have an upper divisional prerequisite?","[LIST:PREREQ]","QUESTION"
40,"Does [COURSE_DEPT]-[COURSE_NUM] have an upper divisional prerequisite?","[LIST:PREREQ]","QUESTION"
41,"Is [COURSE_NUM] limited in total credit?","[COURSE_UNITS]","QUESTION"
42,"Is [COURSE_DEPT][COURSE_NUM] limited in total credit?","[COURSE_UNITS]","QUESTION"
43,"Is [COURSE_DEPT]_[COURSE_NUM] limited in total credit?","[COURSE_UNITS]","QUESTION"
44,"Is [COURSE_DEPT] [COURSE_NUM] limited in total credit?","[COURSE_UNITS]","QUESTION"
45,"Is [COURSE_DEPT]-[COURSE_NUM] limited in total credit?","[COURSE_UNITS]","QUESTION"
46,"Is [COURSE_NUM] limited in total credit?","[COURSE_UNITS]","QUESTION"
47,"Is [COURSE_DEPT][COURSE_NUM] limited in total credit?","[COURSE_UNITS]","QUESTION"
48,"Is [COURSE_DEPT]_[COURSE_NUM] limited in total credit?","[COURSE_UNITS]","QUESTION"
49,"Is [COURSE_DEPT] [COURSE_NUM] limited in total credit?","[COURSE_UNITS]","QUESTION"
50,"Is [COURSE_DEPT]-[COURSE_NUM] limited in total credit?","[COURSE_UNITS]","QUESTION"
51,"Can I select [COURSE_NUM] as a tech elective?","[UNKNOWN]","QUESTION"
52,"Can I select [COURSE_DEPT][COURSE_NUM] as a tech elective?","[UNKNOWN]","QUESTION"
53,"Can I select [COURSE_DEPT]_[COURSE_NUM] as a tech elective?","[UNKNOWN]","QUESTION"
54,"Can I select [COURSE_DEPT] [COURSE_NUM] as a tech elective?","[UNKNOWN]","QUESTION"
55,"Can I select [COURSE_DEPT]-[COURSE_NUM] as a tech elective?","[UNKNOWN]","QUESTION"
56,"Is [COURSE_NUM] crosslisted in another department?","[COURSE_CROSSLISTEDAS]","QUESTION"
57,"Is [COURSE_DEPT][COURSE_NUM] crosslisted in another department?","[COURSE_CROSSLISTEDAS]","QUESTION"
58,"Is [COURSE_DEPT]_[COURSE_NUM] crosslisted in another department?","[COURSE_CROSSLISTEDAS]","QUESTION"
59,"Is [COURSE_DEPT] [COURSE_NUM] crosslisted in another department?","[COURSE_CROSSLISTEDAS]","QUESTION"
60,"Is [COURSE_DEPT]-[COURSE_NUM] crosslisted in another department?","[COURSE_CROSSLISTEDAS]","QUESTION"
61,"Is [COURSE_NUM] crosslisted in another department?","[COURSE_CROSSLISTEDAS]","QUESTION"
62,"Is [COURSE_DEPT][COURSE_NUM] crosslisted in another department?","[COURSE_CROSSLISTEDAS]","QUESTION"
63,"Is [COURSE_DEPT]_[COURSE_NUM] crosslisted in another department?","[COURSE_CROSSLISTEDAS]","QUESTION"
64,"Is [COURSE_DEPT] [COURSE_NUM] crosslisted in another department?","[COURSE_CROSSLISTEDAS]","QUESTION"
65,"Is [COURSE_DEPT]-[COURSE_NUM] crosslisted in another department?","[COURSE_CROSSLISTEDAS]","QUESTION"
66,"Is [COURSE_NUM] credit/no credit grading only?","[UNKNOWN]","QUESTION"
67,"Is [COURSE_DEPT][COURSE_NUM] credit/no credit grading only?","[UNKNOWN]","QUESTION"
68,"Is [COURSE_DEPT]_[COURSE_NUM] credit/no credit grading only?","[UNKNOWN]","QUESTION"
69,"Is [COURSE_DEPT] [COURSE_NUM] credit/no credit grading only?","[UNKNOWN]","QUESTION"
70,"Is [COURSE_DEPT]-[COURSE_NUM] credit/no credit grading only?","[UNKNOWN]","QUESTION"
71,"Is [COURSE_NUM] credit/no credit grading only?","[UNKNOWN]","QUESTION"
72,"Is [COURSE_DEPT][COURSE_NUM] credit/no credit grading only?","[UNKNOWN]","QUESTION"
73,"Is [COURSE_DEPT]_[COURSE_NUM] credit/no credit grading only?","[UNKNOWN]","QUESTION"
74,"Is [COURSE_DEPT] [COURSE_NUM] credit/no credit grading only?","[UNKNOWN]","QUESTION"
75,"Is [COURSE_DEPT]-[COURSE_NUM] credit/no credit grading only?","[UNKNOWN]","QUESTION"
76,"Does [COURSE_NUM] include group work?","[UNKNOWN]","QUESTION"
77,"Does [COURSE_DEPT][COURSE_NUM] include group work?","[UNKNOWN]","QUESTION"
78,"Does [COURSE_DEPT]_[COURSE_NUM] include group work?","[UNKNOWN]","QUESTION"
79,"Does [COURSE_DEPT] [COURSE_NUM] include group work?","[UNKNOWN]","QUESTION"
80,"Does [COURSE_DEPT]-[COURSE_NUM] include group work?","[UNKNOWN]","QUESTION"
81,"Is [COURSE_NUM] project based?","This is Cal Poly. Learn by doing.","QUESTION"
82,"Is [COURSE_DEPT][COURSE_NUM] project based?","This is Cal Poly. Learn by doing.","QUESTION"
83,"Is [COURSE_DEPT]_[COURSE_NUM] project based?","This is Cal Poly. Learn by doing.","QUESTION"
84,"Is [COURSE_DEPT] [COURSE_NUM] project based?","This is Cal Poly. Learn by doing.","QUESTION"
85,"Is [COURSE_DEPT]-[COURSE_NUM] project based?","This is Cal Poly. Learn by doing.","QUESTION"
86,"Can I take [COURSE_NUM] credit no credit?","[UNKNOWN]","QUESTION"
87,"Can I take [COURSE_DEPT][COURSE_NUM] credit no credit?","[UNKNOWN]","QUESTION"
88,"Can I take [COURSE_DEPT]_[COURSE_NUM] credit no credit?","[UNKNOWN]","QUESTION"
89,"Can I take [COURSE_DEPT] [COURSE_NUM] credit no credit?","[UNKNOWN]","QUESTION"
90,"Can I take [COURSE_DEPT]-[COURSE_NUM] credit no credit?","[UNKNOWN]","QUESTION"
91,"Can I take [COURSE_NUM] pass-fail?","[UNKNOWN]","QUESTION"
92,"Can I take [COURSE_DEPT][COURSE_NUM] pass-fail?","[UNKNOWN]","QUESTION"
93,"Can I take [COURSE_DEPT]_[COURSE_NUM] pass-fail?","[UNKNOWN]","QUESTION"
94,"Can I take [COURSE_DEPT] [COURSE_NUM] pass-fail?","[UNKNOWN]","QUESTION"
95,"Can I take [COURSE_DEPT]-[COURSE_NUM] pass-fail?","[UNKNOWN]","QUESTION"
96,"Is [COURSE_NUM] a required course?","[UNKNOWN]","QUESTION"
97,"Is [COURSE_DEPT][COURSE_NUM] a required course?","[UNKNOWN]","QUESTION"
98,"Is [COURSE_DEPT]_[COURSE_NUM] a required course?","[UNKNOWN]","QUESTION"
99,"Is [COURSE_DEPT] [COURSE_NUM] a required course?","[UNKNOWN]","QUESTION"
100,"Is [COURSE_DEPT]-[COURSE_NUM] a required course?","[UNKNOWN]","QUESTION"
101,"Do I have to take [COURSE_NUM]?","[UNKNOWN]","QUESTION"
102,"Do I have to take [COURSE_DEPT][COURSE_NUM]?","[UNKNOWN]","QUESTION"
103,"Do I have to take [COURSE_DEPT]_[COURSE_NUM]?","[UNKNOWN]","QUESTION"
104,"Do I have to take [COURSE_DEPT] [COURSE_NUM]?","[UNKNOWN]","QUESTION"
105,"Do I have to take [COURSE_DEPT]-[COURSE_NUM]?","[UNKNOWN]","QUESTION"
106,"How many hours a week is [COURSE_NUM]?","Course is [COURSE_UNITS] units.","QUESTION"
107,"How many hours a week is [COURSE_DEPT][COURSE_NUM]?","Course is [COURSE_UNITS] units.","QUESTION"
108,"How many hours a week is [COURSE_DEPT]_[COURSE_NUM]?","Course is [COURSE_UNITS] units.","QUESTION"
109,"How many hours a week is [COURSE_DEPT] [COURSE_NUM]?","Course is [COURSE_UNITS] units.","QUESTION"
110,"How many hours a week is [COURSE_DEPT]-[COURSE_NUM]?","Course is [COURSE_UNITS] units.","QUESTION"
111,"How much time is spent in [COURSE_NUM] per week?","Course is [COURSE_UNITS] units.","QUESTION"
112,"How much time is spent in [COURSE_DEPT][COURSE_NUM] per week?","Course is [COURSE_UNITS] units.","QUESTION"
113,"How much time is spent in [COURSE_DEPT]_[COURSE_NUM] per week?","Course is [COURSE_UNITS] units.","QUESTION"
114,"How much time is spent in [COURSE_DEPT] [COURSE_NUM] per week?","Course is [COURSE_UNITS] units.","QUESTION"
115,"How much time is spent in [COURSE_DEPT]-[COURSE_NUM] per week?","Course is [COURSE_UNITS] units.","QUESTION"
116,"How many times is [COURSE_NUM] offered per year?","[BIT_COUNT:COURSE_TERMSOFFERED]","QUESTION"
117,"How many times is [COURSE_DEPT][COURSE_NUM] offered per year?","[BIT_COUNT:COURSE_TERMSOFFERED]","QUESTION"
118,"How many times is [COURSE_DEPT]_[COURSE_NUM] offered per year?","[BIT_COUNT:COURSE_TERMSOFFERED]","QUESTION"
119,"How many times is [COURSE_DEPT] [COURSE_NUM] offered per year?","[BIT_COUNT:COURSE_TERMSOFFERED]","QUESTION"
120,"How many times is [COURSE_DEPT]-[COURSE_NUM] offered per year?","[BIT_COUNT:COURSE_TERMSOFFERED]","QUESTION"
121,"In how many quarters is [COURSE_NUM] offered?","[BIT_COUNT:COURSE_TERMSOFFERED]","QUESTION"
122,"In how many quarters is [COURSE_DEPT][COURSE_NUM] offered?","[BIT_COUNT:COURSE_TERMSOFFERED]","QUESTION"
123,"In how many quarters is [COURSE_DEPT]_[COURSE_NUM] offered?","[BIT_COUNT:COURSE_TERMSOFFERED]","QUESTION"
124,"In how many quarters is [COURSE_DEPT] [COURSE_NUM] offered?","[BIT_COUNT:COURSE_TERMSOFFERED]","QUESTION"
125,"In how many quarters is [COURSE_DEPT]-[COURSE_NUM] offered?","[BIT_COUNT:COURSE_TERMSOFFERED]","QUESTION"
126,"When is [COURSE_NUM] offered?","[COURSE_TERMSOFFERED]","QUESTION"
127,"When is [COURSE_DEPT][COURSE_NUM] offered?","[COURSE_TERMSOFFERED]","QUESTION"
128,"When is [COURSE_DEPT]_[COURSE_NUM] offered?","[COURSE_TERMSOFFERED]","QUESTION"
129,"When is [COURSE_DEPT] [COURSE_NUM] offered?","[COURSE_TERMSOFFERED]","QUESTION"
130,"When is [COURSE_DEPT]-[COURSE_NUM] offered?","[COURSE_TERMSOFFERED]","QUESTION"
131,"When is [COURSE_NUM] available?","[COURSE_TERMSOFFERED]","QUESTION"
132,"When is [COURSE_DEPT][COURSE_NUM] available?","[COURSE_TERMSOFFERED]","QUESTION"
133,"When is [COURSE_DEPT]_[COURSE_NUM] available?","[COURSE_TERMSOFFERED]","QUESTION"
134,"When is [COURSE_DEPT] [COURSE_NUM] available?","[COURSE_TERMSOFFERED]","QUESTION"
135,"When is [COURSE_DEPT]-[COURSE_NUM] available?","[COURSE_TERMSOFFERED]","QUESTION"
136,"When can I take [COURSE_NUM]?","[COURSE_TERMSOFFERED]","QUESTION"
137,"When can I take [COURSE_DEPT][COURSE_NUM]?","[COURSE_TERMSOFFERED]","QUESTION"
138,"When can I take [COURSE_DEPT]_[COURSE_NUM]?","[COURSE_TERMSOFFERED]","QUESTION"
139,"When can I take [COURSE_DEPT] [COURSE_NUM]?","[COURSE_TERMSOFFERED]","QUESTION"
140,"When can I take [COURSE_DEPT]-[COURSE_NUM]?","[COURSE_TERMSOFFERED]","QUESTION"
141,"Does [COURSE_NUM] fulfill more than one requirement?","[UNKNOWN]","QUESTION"
142,"Does [COURSE_DEPT][COURSE_NUM] fulfill more than one requirement?","[UNKNOWN]","QUESTION"
143,"Does [COURSE_DEPT]_[COURSE_NUM] fulfill more than one requirement?","[UNKNOWN]","QUESTION"
144,"Does [COURSE_DEPT] [COURSE_NUM] fulfill more than one requirement?","[UNKNOWN]","QUESTION"
145,"Does [COURSE_DEPT]-[COURSE_NUM] fulfill more than one requirement?","[UNKNOWN]","QUESTION"
146,"How many units is [COURSE_NUM]?","[COURSE_UNITS]","QUESTION"
147,"How many units is [COURSE_DEPT][COURSE_NUM]?","[COURSE_UNITS]","QUESTION"
148,"How many units is [COURSE_DEPT]_[COURSE_NUM]?","[COURSE_UNITS]","QUESTION"
149,"How many units is [COURSE_DEPT] [COURSE_NUM]?","[COURSE_UNITS]","QUESTION"
150,"How many units is [COURSE_DEPT]-[COURSE_NUM]?","[COURSE_UNITS]","QUESTION"
151,"How many units does [COURSE_NUM] have?","[COURSE_UNITS]","QUESTION"
152,"How many units does [COURSE_DEPT][COURSE_NUM] have?","[COURSE_UNITS]","QUESTION"
153,"How many units does [COURSE_DEPT]_[COURSE_NUM] have?","[COURSE_UNITS]","QUESTION"
154,"How many units does [COURSE_DEPT] [COURSE_NUM] have?","[COURSE_UNITS]","QUESTION"
155,"How many units does [COURSE_DEPT]-[COURSE_NUM] have?","[COURSE_UNITS]","QUESTION"
156,"How many units does [COURSE_NUM] fulfill?","[COURSE_UNITS]","QUESTION"
157,"How many units does [COURSE_DEPT][COURSE_NUM] fulfill?","[COURSE_UNITS]","QUESTION"
158,"How many units does [COURSE_DEPT]_[COURSE_NUM] fulfill?","[COURSE_UNITS]","QUESTION"
159,"How many units does [COURSE_DEPT] [COURSE_NUM] fulfill?","[COURSE_UNITS]","QUESTION"
160,"How many units does [COURSE_DEPT]-[COURSE_NUM] fulfill?","[COURSE_UNITS]","QUESTION"
161,"Does [COURSE_NUM] fulfill anything?","[UNKNOWN]","QUESTION"
162,"Does [COURSE_DEPT][COURSE_NUM] fulfill anything?","[UNKNOWN]","QUESTION"
163,"Does [COURSE_DEPT]_[COURSE_NUM] fulfill anything?","[UNKNOWN]","QUESTION"
164,"Does [COURSE_DEPT] [COURSE_NUM] fulfill anything?","[UNKNOWN]","QUESTION"
165,"Does [COURSE_DEPT]-[COURSE_NUM] fulfill anything?","[UNKNOWN]","QUESTION"
166,"What requirements does [COURSE_NUM] fulfill?","[UNKNOWN]","QUESTION"
167,"What requirements does [COURSE_DEPT][COURSE_NUM] fulfill?","[UNKNOWN]","QUESTION"
168,"What requirements does [COURSE_DEPT]_[COURSE_NUM] fulfill?","[UNKNOWN]","QUESTION"
169,"What requirements does [COURSE_DEPT] [COURSE_NUM] fulfill?","[UNKNOWN]","QUESTION"
170,"What requirements does [COURSE_DEPT]-[COURSE_NUM] fulfill?","[UNKNOWN]","QUESTION"
171,"How many lectures does [COURSE_NUM] have?","[UNKNOWN]","QUESTION"
172,"How many lectures does [COURSE_DEPT][COURSE_NUM] have?","[UNKNOWN]","QUESTION"
173,"How many lectures does [COURSE_DEPT]_[COURSE_NUM] have?","[UNKNOWN]","QUESTION"
174,"How many lectures does [COURSE_DEPT] [COURSE_NUM] have?","[UNKNOWN]","QUESTION"
175,"How many lectures does [COURSE_DEPT]-[COURSE_NUM] have?","[UNKNOWN]","QUESTION"
176,"How many times a week does [COURSE_NUM] week?","[UNKNOWN]","QUESTION"
177,"How many times a week does [COURSE_DEPT][COURSE_NUM] week?","[UNKNOWN]","QUESTION"
178,"How many times a week does [COURSE_DEPT]_[COURSE_NUM] week?","[UNKNOWN]","QUESTION"
179,"How many times a week does [COURSE_DEPT] [COURSE_NUM] week?","[UNKNOWN]","QUESTION"
180,"How many times a week does [COURSE_DEPT]-[COURSE_NUM] week?","[UNKNOWN]","QUESTION"
181,"How many lectures make up [COURSE_NUM]?","[UNKNOWN]","QUESTION"
182,"How many lectures make up [COURSE_DEPT][COURSE_NUM]?","[UNKNOWN]","QUESTION"
183,"How many lectures make up [COURSE_DEPT]_[COURSE_NUM]?","[UNKNOWN]","QUESTION"
184,"How many lectures make up [COURSE_DEPT] [COURSE_NUM]?","[UNKNOWN]","QUESTION"
185,"How many lectures make up [COURSE_DEPT]-[COURSE_NUM]?","[UNKNOWN]","QUESTION"
186,"Does [COURSE_NUM] have a lab?","[UNKNOWN]","QUESTION"
187,"Does [COURSE_DEPT][COURSE_NUM] have a lab?","[UNKNOWN]","QUESTION"
188,"Does [COURSE_DEPT]_[COURSE_NUM] have a lab?","[UNKNOWN]","QUESTION"
189,"Does [COURSE_DEPT] [COURSE_NUM] have a lab?","[UNKNOWN]","QUESTION"
190,"Does [COURSE_DEPT]-[COURSE_NUM] have a lab?","[UNKNOWN]","QUESTION"
191,"Do I have to take a lab with [COURSE_NUM]?","[UNKNOWN]","QUESTION"
192,"Do I have to take a lab with [COURSE_DEPT][COURSE_NUM]?","[UNKNOWN]","QUESTION"
193,"Do I have to take a lab with [COURSE_DEPT]_[COURSE_NUM]?","[UNKNOWN]","QUESTION"
194,"Do I have to take a lab with [COURSE_DEPT] [COURSE_NUM]?","[UNKNOWN]","QUESTION"
195,"Do I have to take a lab with [COURSE_DEPT]-[COURSE_NUM]?","[UNKNOWN]","QUESTION"
196,"How many labs does [COURSE_NUM] have?","[UNKNOWN]","QUESTION"
197,"How many labs does [COURSE_DEPT][COURSE_NUM] have?","[UNKNOWN]","QUESTION"
198,"How many labs does [COURSE_DEPT]_[COURSE_NUM] have?","[UNKNOWN]","QUESTION"
199,"How many labs does [COURSE_DEPT] [COURSE_NUM] have?","[UNKNOWN]","QUESTION"
200,"How many labs does [COURSE_DEPT]-[COURSE_NUM] have?","[UNKNOWN]","QUESTION"
201,"Does [COURSE_NUM] have any prerequisites?","[LIST:PREREQ]","QUESTION"
202,"Does [COURSE_DEPT][COURSE_NUM] have any prerequisites?","[LIST:PREREQ]","QUESTION"
203,"Does [COURSE_DEPT]_[COURSE_NUM] have any prerequisites?","[LIST:PREREQ]","QUESTION"
204,"Does [COURSE_DEPT] [COURSE_NUM] have any prerequisites?","[LIST:PREREQ]","QUESTION"
205,"Does [COURSE_DEPT]-[COURSE_NUM] have any prerequisites?","[LIST:PREREQ]","QUESTION"
206,"How many prerequisites does [COURSE_NUM] have?","[COUNT:PREREQ]","QUESTION"
207,"How many prerequisites does [COURSE_DEPT][COURSE_NUM] have?","[COUNT:PREREQ]","QUESTION"
208,"How many prerequisites does [COURSE_DEPT]_[COURSE_NUM] have?","[COUNT:PREREQ]","QUESTION"
209,"How many prerequisites does [COURSE_DEPT] [COURSE_NUM] have?","[COUNT:PREREQ]","QUESTION"
210,"How many prerequisites does [COURSE_DEPT]-[COURSE_NUM] have?","[COUNT:PREREQ]","QUESTION"
211,"Are there any prerequisites for [COURSE_NUM]?","[LIST:PREREQ]","QUESTION"
212,"Are there any prerequisites for [COURSE_DEPT][COURSE_NUM]?","[LIST:PREREQ]","QUESTION"
213,"Are there any prerequisites for [COURSE_DEPT]_[COURSE_NUM]?","[LIST:PREREQ]","QUESTION"
214,"Are there any prerequisites for [COURSE_DEPT] [COURSE_NUM]?","[LIST:PREREQ]","QUESTION"
215,"Are there any prerequisites for [COURSE_DEPT]-[COURSE_NUM]?","[LIST:PREREQ]","QUESTION"
216,"What classes can I take instead of [COURSE_NUM]?","[UNKNOWN]","QUESTION"
217,"What classes can I take instead of [COURSE_DEPT][COURSE_NUM]?","[UNKNOWN]","QUESTION"
218,"What classes can I take instead of [COURSE_DEPT]_[COURSE_NUM]?","[UNKNOWN]","QUESTION"
219,"What classes can I take instead of [COURSE_DEPT] [COURSE_NUM]?","[UNKNOWN]","QUESTION"
220,"What classes can I take instead of [COURSE_DEPT]-[COURSE_NUM]?","[UNKNOWN]","QUESTION"
221,"What are alternatives to [COURSE_NUM]?","[UNKNOWN]","QUESTION"
222,"What are alternatives to [COURSE_DEPT][COURSE_NUM]?","[UNKNOWN]","QUESTION"
223,"What are alternatives to [COURSE_DEPT]_[COURSE_NUM]?","[UNKNOWN]","QUESTION"
224,"What are alternatives to [COURSE_DEPT] [COURSE_NUM]?","[UNKNOWN]","QUESTION"
225,"What are alternatives to [COURSE_DEPT]-[COURSE_NUM]?","[UNKNOWN]","QUESTION"
226,"Are there any alternatives for [COURSE_NUM]?","[UNKNOWN]","QUESTION"
227,"Are there any alternatives for [COURSE_DEPT][COURSE_NUM]?","[UNKNOWN]","QUESTION"
228,"Are there any alternatives for [COURSE_DEPT]_[COURSE_NUM]?","[UNKNOWN]","QUESTION"
229,"Are there any alternatives for [COURSE_DEPT] [COURSE_NUM]?","[UNKNOWN]","QUESTION"
230,"Are there any alternatives for [COURSE_DEPT]-[COURSE_NUM]?","[UNKNOWN]","QUESTION"
231,"How many alternative does [COURSE_NUM] Have?","[UNKNOWN]","QUESTION"
232,"How many alternative does [COURSE_DEPT][COURSE_NUM] Have?","[UNKNOWN]","QUESTION"
233,"How many alternative does [COURSE_DEPT]_[COURSE_NUM] Have?","[UNKNOWN]","QUESTION"
234,"How many alternative does [COURSE_DEPT] [COURSE_NUM] Have?","[UNKNOWN]","QUESTION"
235,"How many alternative does [COURSE_DEPT]-[COURSE_NUM] Have?","[UNKNOWN]","QUESTION"
236,"Can I take something else instead of [COURSE_NUM]?","[UNKNOWN]","QUESTION"
237,"Can I take something else instead of [COURSE_DEPT][COURSE_NUM]?","[UNKNOWN]","QUESTION"
238,"Can I take something else instead of [COURSE_DEPT]_[COURSE_NUM]?","[UNKNOWN]","QUESTION"
239,"Can I take something else instead of [COURSE_DEPT] [COURSE_NUM]?","[UNKNOWN]","QUESTION"
240,"Can I take something else instead of [COURSE_DEPT]-[COURSE_NUM]?","[UNKNOWN]","QUESTION"
241,"What courses substitute [COURSE_NUM]?","[UNKNOWN]","QUESTION"
242,"What courses substitute [COURSE_DEPT][COURSE_NUM]?","[UNKNOWN]","QUESTION"
243,"What courses substitute [COURSE_DEPT]_[COURSE_NUM]?","[UNKNOWN]","QUESTION"
244,"What courses substitute [COURSE_DEPT] [COURSE_NUM]?","[UNKNOWN]","QUESTION"
245,"What courses substitute [COURSE_DEPT]-[COURSE_NUM]?","[UNKNOWN]","QUESTION"
246,"Does [COURSE_NUM] have any preqs?","[LIST:PREREQ]","QUESTION"
247,"Does [COURSE_DEPT][COURSE_NUM] have any preqs?","[LIST:PREREQ]","QUESTION"
248,"Does [COURSE_DEPT]_[COURSE_NUM] have any preqs?","[LIST:PREREQ]","QUESTION"
249,"Does [COURSE_DEPT] [COURSE_NUM] have any preqs?","[LIST:PREREQ]","QUESTION"
250,"Does [COURSE_DEPT]-[COURSE_NUM] have any preqs?","[LIST:PREREQ]","QUESTION"
251,"Is [COURSE_NUM] being offered this quarter?","[COURSE_TERMSOFFERED]","QUESTION"
252,"Is [COURSE_DEPT][COURSE_NUM] being offered this quarter?","[COURSE_TERMSOFFERED]","QUESTION"
253,"Is [COURSE_DEPT]_[COURSE_NUM] being offered this quarter?","[COURSE_TERMSOFFERED]","QUESTION"
254,"Is [COURSE_DEPT] [COURSE_NUM] being offered this quarter?","[COURSE_TERMSOFFERED]","QUESTION"
255,"Is [COURSE_DEPT]-[COURSE_NUM] being offered this quarter?","[COURSE_TERMSOFFERED]","QUESTION"
256,"Can I take [COURSE_NUM] this quarter?","[COURSE_TERMSOFFERED]","QUESTION"
257,"Can I take [COURSE_DEPT][COURSE_NUM] this quarter?","[COURSE_TERMSOFFERED]","QUESTION"
258,"Can I take [COURSE_DEPT]_[COURSE_NUM] this quarter?","[COURSE_TERMSOFFERED]","QUESTION"
259,"Can I take [COURSE_DEPT] [COURSE_NUM] this quarter?","[COURSE_TERMSOFFERED]","QUESTION"
260,"Can I take [COURSE_DEPT]-[COURSE_NUM] this quarter?","[COURSE_TERMSOFFERED]","QUESTION"
261,"Do I need to take [COURSE_NUM] to major in Statistics?","[UNKNOWN]","QUESTION"
262,"Do I need to take [COURSE_DEPT][COURSE_NUM] to major in Statistics?","[UNKNOWN]","QUESTION"
263,"Do I need to take [COURSE_DEPT]_[COURSE_NUM] to major in Statistics?","[UNKNOWN]","QUESTION"
264,"Do I need to take [COURSE_DEPT] [COURSE_NUM] to major in Statistics?","[UNKNOWN]","QUESTION"
265,"Do I need to take [COURSE_DEPT]-[COURSE_NUM] to major in Statistics?","[UNKNOWN]","QUESTION"
266,"Is [COURSE_NUM] necessary to get a stats degree?","[UNKNOWN]","QUESTION"
267,"Is [COURSE_DEPT][COURSE_NUM] necessary to get a stats degree?","[UNKNOWN]","QUESTION"
268,"Is [COURSE_DEPT]_[COURSE_NUM] necessary to get a stats degree?","[UNKNOWN]","QUESTION"
269,"Is [COURSE_DEPT] [COURSE_NUM] necessary to get a stats degree?","[UNKNOWN]","QUESTION"
270,"Is [COURSE_DEPT]-[COURSE_NUM] necessary to get a stats degree?","[UNKNOWN]","QUESTION"
271,"Does [COURSE_NUM] help me get a stats minor?","[UNKNOWN]","QUESTION"
272,"Does [COURSE_DEPT][COURSE_NUM] help me get a stats minor?","[UNKNOWN]","QUESTION"
273,"Does [COURSE_DEPT]_[COURSE_NUM] help me get a stats minor?","[UNKNOWN]","QUESTION"
274,"Does [COURSE_DEPT] [COURSE_NUM] help me get a stats minor?","[UNKNOWN]","QUESTION"
275,"Does [COURSE_DEPT]-[COURSE_NUM] help me get a stats minor?","[UNKNOWN]","QUESTION"
276,"Does [COURSE_NUM] contribute to my stats minor?","[UNKNOWN]","QUESTION"
277,"Does [COURSE_DEPT][COURSE_NUM] contribute to my stats minor?","[UNKNOWN]","QUESTION"
278,"Does [COURSE_DEPT]_[COURSE_NUM] contribute to my stats minor?","[UNKNOWN]","QUESTION"
279,"Does [COURSE_DEPT] [COURSE_NUM] contribute to my stats minor?","[UNKNOWN]","QUESTION"
280,"Does [COURSE_DEPT]-[COURSE_NUM] contribute to my stats minor?","[UNKNOWN]","QUESTION"
281,"When has [COURSE_NUM] been offered?","[COURSE_TERMSOFFERED]","QUESTION"
282,"When has [COURSE_DEPT][COURSE_NUM] been offered?","[COURSE_TERMSOFFERED]","QUESTION"
283,"When has [COURSE_DEPT]_[COURSE_NUM] been offered?","[COURSE_TERMSOFFERED]","QUESTION"
284,"When has [COURSE_DEPT] [COURSE_NUM] been offered?","[COURSE_TERMSOFFERED]","QUESTION"
285,"When has [COURSE_DEPT]-[COURSE_NUM] been offered?","[COURSE_TERMSOFFERED]","QUESTION"
286,"How many units is [COURSE_NUM]?","[COURSE_UNITS]","QUESTION"
287,"How many units is [COURSE_DEPT][COURSE_NUM]?","[COURSE_UNITS]","QUESTION"
288,"How many units is [COURSE_DEPT]_[COURSE_NUM]?","[COURSE_UNITS]","QUESTION"
289,"How many units is [COURSE_DEPT] [COURSE_NUM]?","[COURSE_UNITS]","QUESTION"
290,"How many units is [COURSE_DEPT]-[COURSE_NUM]?","[COURSE_UNITS]","QUESTION"
291,"What is the name of [COURSE_NUM]?","[COURSE_DESC]","QUESTION"
292,"What is the name of [COURSE_DEPT][COURSE_NUM]?","[COURSE_DESC]","QUESTION"
293,"What is the name of [COURSE_DEPT]_[COURSE_NUM]?","[COURSE_DESC]","QUESTION"
294,"What is the name of [COURSE_DEPT] [COURSE_NUM]?","[COURSE_DESC]","QUESTION"
295,"What is the name of [COURSE_DEPT]-[COURSE_NUM]?","[COURSE_DESC]","QUESTION"
296,"What class is [COURSE_NUM]?","[COURSE_DESC]","QUESTION"
297,"What class is [COURSE_DEPT][COURSE_NUM]?","[COURSE_DESC]","QUESTION"
298,"What class is [COURSE_DEPT]_[COURSE_NUM]?","[COURSE_DESC]","QUESTION"
299,"What class is [COURSE_DEPT] [COURSE_NUM]?","[COURSE_DESC]","QUESTION"
300,"What class is [COURSE_DEPT]-[COURSE_NUM]?","[COURSE_DESC]","QUESTION"
301,"What term is [COURSE_NUM] typically offered?","[COURSE_TERMSOFFERED]","QUESTION"
302,"What term is [COURSE_DEPT][COURSE_NUM] typically offered?","[COURSE_TERMSOFFERED]","QUESTION"
303,"What term is [COURSE_DEPT]_[COURSE_NUM] typically offered?","[COURSE_TERMSOFFERED]","QUESTION"
304,"What term is [COURSE_DEPT] [COURSE_NUM] typically offered?","[COURSE_TERMSOFFERED]","QUESTION"
305,"What term is [COURSE_DEPT]-[COURSE_NUM] typically offered?","[COURSE_TERMSOFFERED]","QUESTION"
306,"When is [COURSE_NUM] usually offered?","[COURSE_TERMSOFFERED]","QUESTION"
307,"When is [COURSE_DEPT][COURSE_NUM] usually offered?","[COURSE_TERMSOFFERED]","QUESTION"
308,"When is [COURSE_DEPT]_[COURSE_NUM] usually offered?","[COURSE_TERMSOFFERED]","QUESTION"
309,"When is [COURSE_DEPT] [COURSE_NUM] usually offered?","[COURSE_TERMSOFFERED]","QUESTION"
310,"When is [COURSE_DEPT]-[COURSE_NUM] usually offered?","[COURSE_TERMSOFFERED]","QUESTION"
311,"Does [COURSE_NUM] fulfill any GE requirements?","[UNKNOWN]","QUESTION"
312,"Does [COURSE_DEPT][COURSE_NUM] fulfill any GE requirements?","[UNKNOWN]","QUESTION"
313,"Does [COURSE_DEPT]_[COURSE_NUM] fulfill any GE requirements?","[UNKNOWN]","QUESTION"
314,"Does [COURSE_DEPT] [COURSE_NUM] fulfill any GE requirements?","[UNKNOWN]","QUESTION"
315,"Does [COURSE_DEPT]-[COURSE_NUM] fulfill any GE requirements?","[UNKNOWN]","QUESTION"
316,"How many prerequisite classes are needed for me to take [COURSE_NUM]?","[COUNT:PREREQ]","QUESTION"
317,"How many prerequisite classes are needed for me to take [COURSE_DEPT][COURSE_NUM]?","[COUNT:PREREQ]","QUESTION"
318,"How many prerequisite classes are needed for me to take [COURSE_DEPT]_[COURSE_NUM]?","[COUNT:PREREQ]","QUESTION"
319,"How many prerequisite classes are needed for me to take [COURSE_DEPT] [COURSE_NUM]?","[COUNT:PREREQ]","QUESTION"
320,"How many prerequisite classes are needed for me to take [COURSE_DEPT]-[COURSE_NUM]?","[COUNT:PREREQ]","QUESTION"
321,"List classes below [COURSE_NUM].","[UNKNOWN]","QUESTION"
322,"List classes below [COURSE_DEPT][COURSE_NUM].","[UNKNOWN]","QUESTION"
323,"List classes below [COURSE_DEPT]_[COURSE_NUM].","[UNKNOWN]","QUESTION"
324,"List classes below [COURSE_DEPT] [COURSE_NUM].","[UNKNOWN]","QUESTION"
325,"List classes below [COURSE_DEPT]-[COURSE_NUM].","[UNKNOWN]","QUESTION"
326,"List classes above [COURSE_NUM].","[UNKNOWN]","QUESTION"
327,"List classes above [COURSE_DEPT][COURSE_NUM].","[UNKNOWN]","QUESTION"
328,"List classes above [COURSE_DEPT]_[COURSE_NUM].","[UNKNOWN]","QUESTION"
329,"List classes above [COURSE_DEPT] [COURSE_NUM].","[UNKNOWN]","QUESTION"
330,"List classes above [COURSE_DEPT]-[COURSE_NUM].","[UNKNOWN]","QUESTION"
331,"Does [COURSE_NUM] require any MATH classes?","[UNKNOWN]","QUESTION"
332,"Does [COURSE_DEPT][COURSE_NUM] require any MATH classes?","[UNKNOWN]","QUESTION"
333,"Does [COURSE_DEPT]_[COURSE_NUM] require any MATH classes?","[UNKNOWN]","QUESTION"
334,"Does [COURSE_DEPT] [COURSE_NUM] require any MATH classes?","[UNKNOWN]","QUESTION"
335,"Does [COURSE_DEPT]-[COURSE_NUM] require any MATH classes?","[UNKNOWN]","QUESTION"
336,"Which classes have a [COURSE_NUM] prerequisite?","[UNKNOWN]","QUESTION"
337,"Which classes have a [COURSE_DEPT][COURSE_NUM] prerequisite?","[UNKNOWN]","QUESTION"
338,"Which classes have a [COURSE_DEPT]_[COURSE_NUM] prerequisite?","[UNKNOWN]","QUESTION"
339,"Which classes have a [COURSE_DEPT] [COURSE_NUM] prerequisite?","[UNKNOWN]","QUESTION"
340,"Which classes have a [COURSE_DEPT]-[COURSE_NUM] prerequisite?","[UNKNOWN]","QUESTION"
341,"Does [COURSE_NUM] require instructor approval?","[UNKNOWN]","QUESTION"
342,"Does [COURSE_DEPT][COURSE_NUM] require instructor approval?","[UNKNOWN]","QUESTION"
343,"Does [COURSE_DEPT]_[COURSE_NUM] require instructor approval?","[UNKNOWN]","QUESTION"
344,"Does [COURSE_DEPT] [COURSE_NUM] require instructor approval?","[UNKNOWN]","QUESTION"
345,"Does [COURSE_DEPT]-[COURSE_NUM] require instructor approval?","[UNKNOWN]","QUESTION"
346,"Is [COURSE_NUM] being offered next quarter?","[COURSE_TERMSOFFERED]","QUESTION"
347,"Is [COURSE_DEPT][COURSE_NUM] being offered next quarter?","[COURSE_TERMSOFFERED]","QUESTION"
348,"Is [COURSE_DEPT]_[COURSE_NUM] being offered next quarter?","[COURSE_TERMSOFFERED]","QUESTION"
349,"Is [COURSE_DEPT] [COURSE_NUM] being offered next quarter?","[COURSE_TERMSOFFERED]","QUESTION"
350,"Is [COURSE_DEPT]-[COURSE_NUM] being offered next quarter?","[COURSE_TERMSOFFERED]","QUESTION"
351,"Is [COURSE_NUM] a graduate level course?","[COURSE_STANDING]","QUESTION"
352,"Is [COURSE_DEPT][COURSE_NUM] a graduate level course?","[COURSE_STANDING]","QUESTION"
353,"Is [COURSE_DEPT]_[COURSE_NUM] a graduate level course?","[COURSE_STANDING]","QUESTION"
354,"Is [COURSE_DEPT] [COURSE_NUM] a graduate level course?","[COURSE_STANDING]","QUESTION"
355,"Is [COURSE_DEPT]-[COURSE_NUM] a graduate level course?","[COURSE_STANDING]","QUESTION"
356,"Is [COURSE_NUM] a undergraduate level course?","[COURSE_STANDING]","QUESTION"
357,"Is [COURSE_DEPT][COURSE_NUM] a undergraduate level course?","[COURSE_STANDING]","QUESTION"
358,"Is [COURSE_DEPT]_[COURSE_NUM] a undergraduate level course?","[COURSE_STANDING]","QUESTION"
359,"Is [COURSE_DEPT] [COURSE_NUM] a undergraduate level course?","[COURSE_STANDING]","QUESTION"
360,"Is [COURSE_DEPT]-[COURSE_NUM] a undergraduate level course?","[COURSE_STANDING]","QUESTION"
361,"Does [COURSE_NUM] have non-statistics prerequisites?","[UNKNOWN]","QUESTION"
362,"Does [COURSE_DEPT][COURSE_NUM] have non-statistics prerequisites?","[UNKNOWN]","QUESTION"
363,"Does [COURSE_DEPT]_[COURSE_NUM] have non-statistics prerequisites?","[UNKNOWN]","QUESTION"
364,"Does [COURSE_DEPT] [COURSE_NUM] have non-statistics prerequisites?","[UNKNOWN]","QUESTION"
365,"Does [COURSE_DEPT]-[COURSE_NUM] have non-statistics prerequisites?","[UNKNOWN]","QUESTION"
366,"Does [COURSE_NUM] have non-statistics and non-math prerequisites?","[UNKNOWN]","QUESTION"
367,"Does [COURSE_DEPT][COURSE_NUM] have non-statistics and non-math prerequisites?","[UNKNOWN]","QUESTION"
368,"Does [COURSE_DEPT]_[COURSE_NUM] have non-statistics and non-math prerequisites?","[UNKNOWN]","QUESTION"
369,"Does [COURSE_DEPT] [COURSE_NUM] have non-statistics and non-math prerequisites?","[UNKNOWN]","QUESTION"
370,"Does [COURSE_DEPT]-[COURSE_NUM] have non-statistics and non-math prerequisites?","[UNKNOWN]","QUESTION"
371,"Is [COURSE_NUM] part of the data science minor?","[UNKNOWN]","QUESTION"
372,"Is [COURSE_DEPT][COURSE_NUM] part of the data science minor?","[UNKNOWN]","QUESTION"
373,"Is [COURSE_DEPT]_[COURSE_NUM] part of the data science minor?","[UNKNOWN]","QUESTION"
374,"Is [COURSE_DEPT] [COURSE_NUM] part of the data science minor?","[UNKNOWN]","QUESTION"
375,"Is [COURSE_DEPT]-[COURSE_NUM] part of the data science minor?","[UNKNOWN]","QUESTION"
376,"What teachers teach [COURSE_NUM] this quarter?","[UNKNOWN]","QUESTION"
377,"What teachers teach [COURSE_DEPT][COURSE_NUM] this quarter?","[UNKNOWN]","QUESTION"
378,"What teachers teach [COURSE_DEPT]_[COURSE_NUM] this quarter?","[UNKNOWN]","QUESTION"
379,"What teachers teach [COURSE_DEPT] [COURSE_NUM] this quarter?","[UNKNOWN]","QUESTION"
380,"What teachers teach [COURSE_DEPT]-[COURSE_NUM] this quarter?","[UNKNOWN]","QUESTION"
381,"What teachers have taught [COURSE_NUM] in the past?","[UNKNOWN]","QUESTION"
382,"What teachers have taught [COURSE_DEPT][COURSE_NUM] in the past?","[UNKNOWN]","QUESTION"
383,"What teachers have taught [COURSE_DEPT]_[COURSE_NUM] in the past?","[UNKNOWN]","QUESTION"
384,"What teachers have taught [COURSE_DEPT] [COURSE_NUM] in the past?","[UNKNOWN]","QUESTION"
385,"What teachers have taught [COURSE_DEPT]-[COURSE_NUM] in the past?","[UNKNOWN]","QUESTION"
386,"Does [COURSE_NUM] require programming experience?","[UNKNOWN]","QUESTION"
387,"Does [COURSE_DEPT][COURSE_NUM] require programming experience?","[UNKNOWN]","QUESTION"
388,"Does [COURSE_DEPT]_[COURSE_NUM] require programming experience?","[UNKNOWN]","QUESTION"
389,"Does [COURSE_DEPT] [COURSE_NUM] require programming experience?","[UNKNOWN]","QUESTION"
390,"Does [COURSE_DEPT]-[COURSE_NUM] require programming experience?","[UNKNOWN]","QUESTION"
391,"When should [COURSE_NUM] be taken based on the stat flowchart?","[UNKNOWN]","QUESTION"
392,"When should [COURSE_DEPT][COURSE_NUM] be taken based on the stat flowchart?","[UNKNOWN]","QUESTION"
393,"When should [COURSE_DEPT]_[COURSE_NUM] be taken based on the stat flowchart?","[UNKNOWN]","QUESTION"
394,"When should [COURSE_DEPT] [COURSE_NUM] be taken based on the stat flowchart?","[UNKNOWN]","QUESTION"
395,"When should [COURSE_DEPT]-[COURSE_NUM] be taken based on the stat flowchart?","[UNKNOWN]","QUESTION"
396,"Are there sections for [COURSE_NUM] that are open next quarter?","[UNKNOWN]","QUESTION"
397,"Are there sections for [COURSE_DEPT][COURSE_NUM] that are open next quarter?","[UNKNOWN]","QUESTION"
398,"Are there sections for [COURSE_DEPT]_[COURSE_NUM] that are open next quarter?","[UNKNOWN]","QUESTION"
399,"Are there sections for [COURSE_DEPT] [COURSE_NUM] that are open next quarter?","[UNKNOWN]","QUESTION"
400,"Are there sections for [COURSE_DEPT]-[COURSE_NUM] that are open next quarter?","[UNKNOWN]","QUESTION"
401,"Who is the highest ranked teacher teaching [COURSE_NUM]?","[UNKNOWN]","QUESTION"
402,"Who is the highest ranked teacher teaching [COURSE_DEPT][COURSE_NUM]?","[UNKNOWN]","QUESTION"
403,"Who is the highest ranked teacher teaching [COURSE_DEPT]_[COURSE_NUM]?","[UNKNOWN]","QUESTION"
404,"Who is the highest ranked teacher teaching [COURSE_DEPT] [COURSE_NUM]?","[UNKNOWN]","QUESTION"
405,"Who is the highest ranked teacher teaching [COURSE_DEPT]-[COURSE_NUM]?","[UNKNOWN]","QUESTION"
406,"Who is the lowest ranked teacher teaching [COURSE_NUM]?","[UNKNOWN]","QUESTION"
407,"Who is the lowest ranked teacher teaching [COURSE_DEPT][COURSE_NUM]?","[UNKNOWN]","QUESTION"
408,"Who is the lowest ranked teacher teaching [COURSE_DEPT]_[COURSE_NUM]?","[UNKNOWN]","QUESTION"
409,"Who is the lowest ranked teacher teaching [COURSE_DEPT] [COURSE_NUM]?","[UNKNOWN]","QUESTION"
410,"Who is the lowest ranked teacher teaching [COURSE_DEPT]-[COURSE_NUM]?","[UNKNOWN]","QUESTION"
411,"What data science minor courses have [COURSE_NUM] as a prerequisite?","[UNKNOWN]","QUESTION"
412,"What data science minor courses have [COURSE_DEPT][COURSE_NUM] as a prerequisite?","[UNKNOWN]","QUESTION"
413,"What data science minor courses have [COURSE_DEPT]_[COURSE_NUM] as a prerequisite?","[UNKNOWN]","QUESTION"
414,"What data science minor courses have [COURSE_DEPT] [COURSE_NUM] as a prerequisite?","[UNKNOWN]","QUESTION"
415,"What data science minor courses have [COURSE_DEPT]-[COURSE_NUM] as a prerequisite?","[UNKNOWN]","QUESTION"
416,"Do I need [COURSE_NUM] to complete the data science minor?","[UNKNOWN]","QUESTION"
417,"Do I need [COURSE_DEPT][COURSE_NUM] to complete the data science minor?","[UNKNOWN]","QUESTION"
418,"Do I need [COURSE_DEPT]_[COURSE_NUM] to complete the data science minor?","[UNKNOWN]","QUESTION"
419,"Do I need [COURSE_DEPT] [COURSE_NUM] to complete the data science minor?","[UNKNOWN]","QUESTION"
420,"Do I need [COURSE_DEPT]-[COURSE_NUM] to complete the data science minor?","[UNKNOWN]","QUESTION"
421,"Is [COURSE_NUM] an upper level or lower level course?","[UNKNOWN]","QUESTION"
422,"Is [COURSE_DEPT][COURSE_NUM] an upper level or lower level course?","[UNKNOWN]","QUESTION"
423,"Is [COURSE_DEPT]_[COURSE_NUM] an upper level or lower level course?","[UNKNOWN]","QUESTION"
424,"Is [COURSE_DEPT] [COURSE_NUM] an upper level or lower level course?","[UNKNOWN]","QUESTION"
425,"Is [COURSE_DEPT]-[COURSE_NUM] an upper level or lower level course?","[UNKNOWN]","QUESTION"
426,"When was the last time [COURSE_NUM] was offered?","[COURSE_TERMSOFFERED]","QUESTION"
427,"When was the last time [COURSE_DEPT][COURSE_NUM] was offered?","[COURSE_TERMSOFFERED]","QUESTION"
428,"When was the last time [COURSE_DEPT]_[COURSE_NUM] was offered?","[COURSE_TERMSOFFERED]","QUESTION"
429,"When was the last time [COURSE_DEPT] [COURSE_NUM] was offered?","[COURSE_TERMSOFFERED]","QUESTION"
430,"When was the last time [COURSE_DEPT]-[COURSE_NUM] was offered?","[COURSE_TERMSOFFERED]","QUESTION"
431,"Is [COURSE_NUM] an upper level course?","[UNKNOWN]","QUESTION"
432,"Is [COURSE_DEPT][COURSE_NUM] an upper level course?","[UNKNOWN]","QUESTION"
433,"Is [COURSE_DEPT]_[COURSE_NUM] an upper level course?","[UNKNOWN]","QUESTION"
434,"Is [COURSE_DEPT] [COURSE_NUM] an upper level course?","[UNKNOWN]","QUESTION"
435,"Is [COURSE_DEPT]-[COURSE_NUM] an upper level course?","[UNKNOWN]","QUESTION"
436,"Is [COURSE_NUM] a lower level course?","[UNKNOWN]","QUESTION"
437,"Is [COURSE_DEPT][COURSE_NUM] a lower level course?","[UNKNOWN]","QUESTION"
438,"Is [COURSE_DEPT]_[COURSE_NUM] a lower level course?","[UNKNOWN]","QUESTION"
439,"Is [COURSE_DEPT] [COURSE_NUM] a lower level course?","[UNKNOWN]","QUESTION"
440,"Is [COURSE_DEPT]-[COURSE_NUM] a lower level course?","[UNKNOWN]","QUESTION"
441,"What is [COURSE_NUM]?","[COURSE_DESC]","QUESTION"
442,"What is [COURSE_DEPT][COURSE_NUM]?","[COURSE_DESC]","QUESTION"
443,"What is [COURSE_DEPT]_[COURSE_NUM]?","[COURSE_DESC]","QUESTION"
444,"What is [COURSE_DEPT] [COURSE_NUM]?","[COURSE_DESC]","QUESTION"
445,"What is [COURSE_DEPT]-[COURSE_NUM]?","[COURSE_DESC]","QUESTION"
446,"When is [COURSE_NUM] typically offered?","[COURSE_TERM]","QUESTION"
447,"When is [COURSE_DEPT][COURSE_NUM] typically offered?","[COURSE_TERM]","QUESTION"
448,"When is [COURSE_DEPT]_[COURSE_NUM] typically offered?","[COURSE_TERM]","QUESTION"
449,"When is [COURSE_DEPT] [COURSE_NUM] typically offered?","[COURSE_TERM]","QUESTION"
450,"When is [COURSE_DEPT]-[COURSE_NUM] typically offered?","[COURSE_TERM]","QUESTION"
451,"How many units is [COURSE_NUM]?","[COURSE_UNITS]","QUESTION"
452,"How many units is [COURSE_DEPT][COURSE_NUM]?","[COURSE_UNITS]","QUESTION"
453,"How many units is [COURSE_DEPT]_[COURSE_NUM]?","[COURSE_UNITS]","QUESTION"
454,"How many units is [COURSE_DEPT] [COURSE_NUM]?","[COURSE_UNITS]","QUESTION"
455,"How many units is [COURSE_DEPT]-[COURSE_NUM]?","[COURSE_UNITS]","QUESTION"
456,"Does the department offer [COURSE_NUM].","[EXISTS:COURSE]","QUESTION"
457,"Does the department offer [COURSE_DEPT][COURSE_NUM].","[EXISTS:COURSE]","QUESTION"
458,"Does the department offer [COURSE_DEPT]_[COURSE_NUM].","[EXISTS:COURSE]","QUESTION"
459,"Does the department offer [COURSE_DEPT] [COURSE_NUM].","[EXISTS:COURSE]","QUESTION"
460,"Does the department offer [COURSE_DEPT]-[COURSE_NUM].","[EXISTS:COURSE]","QUESTION"
461,"How many units is [COURSE_NUM]?","[COURSE_UNITS]","QUESTION"
462,"How many units is [COURSE_DEPT][COURSE_NUM]?","[COURSE_UNITS]","QUESTION"
463,"How many units is [COURSE_DEPT]_[COURSE_NUM]?","[COURSE_UNITS]","QUESTION"
464,"How many units is [COURSE_DEPT] [COURSE_NUM]?","[COURSE_UNITS]","QUESTION"
465,"How many units is [COURSE_DEPT]-[COURSE_NUM]?","[COURSE_UNITS]","QUESTION"
466,"How many credits is [COURSE_NUM]?","[COURSE_UNITS]","QUESTION"
467,"How many credits is [COURSE_DEPT][COURSE_NUM]?","[COURSE_UNITS]","QUESTION"
468,"How many credits is [COURSE_DEPT]_[COURSE_NUM]?","[COURSE_UNITS]","QUESTION"
469,"How many credits is [COURSE_DEPT] [COURSE_NUM]?","[COURSE_UNITS]","QUESTION"
470,"How many credits is [COURSE_DEPT]-[COURSE_NUM]?","[COURSE_UNITS]","QUESTION"
471,"Can you please tell me the units for [COURSE_NUM]","[COURSE_UNITS]","QUESTION"
472,"Can you please tell me the units for [COURSE_DEPT][COURSE_NUM]","[COURSE_UNITS]","QUESTION"
473,"Can you please tell me the units for [COURSE_DEPT]_[COURSE_NUM]","[COURSE_UNITS]","QUESTION"
474,"Can you please tell me the units for [COURSE_DEPT] [COURSE_NUM]","[COURSE_UNITS]","QUESTION"
475,"Can you please tell me the units for [COURSE_DEPT]-[COURSE_NUM]","[COURSE_UNITS]","QUESTION"
476,"Please tell me the units for [COURSE_NUM]","[COURSE_UNITS]","QUESTION"
477,"Please tell me the units for [COURSE_DEPT][COURSE_NUM]","[COURSE_UNITS]","QUESTION"
478,"Please tell me the units for [COURSE_DEPT]_[COURSE_NUM]","[COURSE_UNITS]","QUESTION"
479,"Please tell me the units for [COURSE_DEPT] [COURSE_NUM]","[COURSE_UNITS]","QUESTION"
480,"Please tell me the units for [COURSE_DEPT]-[COURSE_NUM]","[COURSE_UNITS]","QUESTION"
481,"Are there any workshops or study sessions available for [COURSE_NUM]?","[UNKNOWN]","QUESTION"
482,"Are there any workshops or study sessions available for [COURSE_DEPT][COURSE_NUM]?","[UNKNOWN]","QUESTION"
483,"Are there any workshops or study sessions available for [COURSE_DEPT]_[COURSE_NUM]?","[UNKNOWN]","QUESTION"
484,"Are there any workshops or study sessions available for [COURSE_DEPT] [COURSE_NUM]?","[UNKNOWN]","QUESTION"
485,"Are there any workshops or study sessions available for [COURSE_DEPT]-[COURSE_NUM]?","[UNKNOWN]","QUESTION"
486,"Does [COURSE_NUM] have a lab?","This is Cal Poly. Learn by doing.","QUESTION"
487,"Does [COURSE_DEPT][COURSE_NUM] have a lab?","This is Cal Poly. Learn by doing.","QUESTION"
488,"Does [COURSE_DEPT]_[COURSE_NUM] have a lab?","This is Cal Poly. Learn by doing.","QUESTION"
489,"Does [COURSE_DEPT] [COURSE_NUM] have a lab?","This is Cal Poly. Learn by doing.","QUESTION"
490,"Does [COURSE_DEPT]-[COURSE_NUM] have a lab?","This is Cal Poly. Learn by doing.","QUESTION"
491,"Is [COURSE_NUM] offered on a Credit/No Credit basis?","[UNKNOWN]","QUESTION"
492,"Is [COURSE_DEPT][COURSE_NUM] offered on a Credit/No Credit basis?","[UNKNOWN]","QUESTION"
493,"Is [COURSE_DEPT]_[COURSE_NUM] offered on a Credit/No Credit basis?","[UNKNOWN]","QUESTION"
494,"Is [COURSE_DEPT] [COURSE_NUM] offered on a Credit/No Credit basis?","[UNKNOWN]","QUESTION"
495,"Is [COURSE_DEPT]-[COURSE_NUM] offered on a Credit/No Credit basis?","[UNKNOWN]","QUESTION"
496,"Are there any recommended classes for [COURSE_NUM]?","[UNKNOWN]","QUESTION"
497,"Are there any recommended classes for [COURSE_DEPT][COURSE_NUM]?","[UNKNOWN]","QUESTION"
498,"Are there any recommended classes for [COURSE_DEPT]_[COURSE_NUM]?","[UNKNOWN]","QUESTION"
499,"Are there any recommended classes for [COURSE_DEPT] [COURSE_NUM]?","[UNKNOWN]","QUESTION"
500,"Are there any recommended classes for [COURSE_DEPT]-[COURSE_NUM]?","[UNKNOWN]","QUESTION"
501,"Does [COURSE_NUM] require consent of instructor?","[UNKNOWN]","QUESTION"
502,"Does [COURSE_DEPT][COURSE_NUM] require consent of instructor?","[UNKNOWN]","QUESTION"
503,"Does [COURSE_DEPT]_[COURSE_NUM] require consent of instructor?","[UNKNOWN]","QUESTION"
504,"Does [COURSE_DEPT] [COURSE_NUM] require consent of instructor?","[UNKNOWN]","QUESTION"
505,"Does [COURSE_DEPT]-[COURSE_NUM] require consent of instructor?","[UNKNOWN]","QUESTION"
506,"That?s right","[GRATITUDE]","APPROVAL"
507,"That?s spot on","[GRATITUDE]","APPROVAL"
508,"You?ve hit the nail on the head","[GRATITUDE]","APPROVAL"
509,"You?ve nailed it","[GRATITUDE]","APPROVAL"
510,"I suppose so","[GRATITUDE]","APPROVAL"
511,"I?m afraid you?re right","[GRATITUDE]","APPROVAL"
512,"Yes!","[GRATITUDE]","APPROVAL"
513,"Thank you!","[GRATITUDE]","APPROVAL"
514,"Oh now I know!","[GRATITUDE]","APPROVAL"
515,"Certainly!","[GRATITUDE]","APPROVAL"
516,"Oh for sure","[GRATITUDE]","APPROVAL"
517,"For sure","[GRATITUDE]","APPROVAL"
518,"wow cool","[GRATITUDE]","APPROVAL"
519,"sounds good","[GRATITUDE]","APPROVAL"
520,"okay","[GRATITUDE]","APPROVAL"
521,"you got it","[GRATITUDE]","APPROVAL"
522,"affirmed","[GRATITUDE]","APPROVAL"
523,"affirmative","[GRATITUDE]","APPROVAL"
524,"sure","[GRATITUDE]","APPROVAL"
525,"confirmed","[GRATITUDE]","APPROVAL"
526,"sure thing","[GRATITUDE]","APPROVAL"
527,"I'm confident","[GRATITUDE]","APPROVAL"
528,"I am confident","[GRATITUDE]","APPROVAL"
529,"I trust you","[GRATITUDE]","APPROVAL"
530,"you have my trust","[GRATITUDE]","APPROVAL"
531,"I hope so","[GRATITUDE]","APPROVAL"
532,"Im afraid thats not quite right","[CORRECTION_RESPONSE]","CORRECTION"
533,"Im afraid youre mistaken","[CORRECTION_RESPONSE]","CORRECTION"
534,"No, youve got it wrong","[CORRECTION_RESPONSE]","CORRECTION"
535,"you've got it all wrong","[CORRECTION_RESPONSE]","CORRECTION"
536,"that's all wrong","[CORRECTION_RESPONSE]","CORRECTION"
537,"wrong","[CORRECTION_RESPONSE]","CORRECTION"
538,"no","[CORRECTION_RESPONSE]","CORRECTION"
539,"nada","[CORRECTION_RESPONSE]","CORRECTION"
540,"you suck","[CORRECTION_RESPONSE]","CORRECTION"
541,"No, that?s all wrong","[CORRECTION_RESPONSE]","CORRECTION"
542,"Bullshit","[CORRECTION_RESPONSE]","CORRECTION"
543,"Bullcrap","[CORRECTION_RESPONSE]","CORRECTION"
544,"Bullocks","[CORRECTION_RESPONSE]","CORRECTION"
545,"That's dumb","[CORRECTION_RESPONSE]","CORRECTION"
546,"Dumbass","[CORRECTION_RESPONSE]","CORRECTION"
547,"Stupid","[CORRECTION_RESPONSE]","CORRECTION"
548,"That ain't right","[CORRECTION_RESPONSE]","CORRECTION"
549,"Nah fool","[CORRECTION_RESPONSE]","CORRECTION"
550,"No fool!","[CORRECTION_RESPONSE]","CORRECTION"
551,"You have an oversight","[CORRECTION_RESPONSE]","CORRECTION"
552,"I see a mistake","[CORRECTION_RESPONSE]","CORRECTION"
553,"it ain't right","[CORRECTION_RESPONSE]","CORRECTION"
554,"no no no no no","[CORRECTION_RESPONSE]","CORRECTION"
555,"You have a slip up","[CORRECTION_RESPONSE]","CORRECTION"
556,"you slipped up","[CORRECTION_RESPONSE]","CORRECTION"
557,"that's a slip up","[CORRECTION_RESPONSE]","CORRECTION"
558,"a slip up","[CORRECTION_RESPONSE]","CORRECTION"
559,"You have a hiccup","[CORRECTION_RESPONSE]","CORRECTION"
560,"that's a hiccup","[CORRECTION_RESPONSE]","CORRECTION"
561,"I see a hiccup","[CORRECTION_RESPONSE]","CORRECTION"
562,"a hiccup","[CORRECTION_RESPONSE]","CORRECTION"
563,"I have confusion","[CORRECTION_RESPONSE]","CORRECTION"
564,"I am confused","[CORRECTION_RESPONSE]","CORRECTION"
565,"This may create a slight hurdle for us","[CORRECTION_RESPONSE]","CORRECTION"
566,"That's actually not right","[CORRECTION_RESPONSE]","CORRECTION"
567,"Well, actually, no","[CORRECTION_RESPONSE]","CORRECTION"
568,"Um no","[CORRECTION_RESPONSE]","CORRECTION"
569,"There are a few sections of your answer that need to be changed","[CORRECTION_RESPONSE]","CORRECTION"
570,"Some parts of your answer need to change.","[CORRECTION_RESPONSE]","CORRECTION"
571,"You're partly right","[CORRECTION_RESPONSE]","CORRECTION"
572,"Sorta kinda","[CORRECTION_RESPONSE]","CORRECTION"
573,"Sorta","[CORRECTION_RESPONSE]","CORRECTION"
574,"Kinda","[CORRECTION_RESPONSE]","CORRECTION"
575,"Well, not really","[CORRECTION_RESPONSE]","CORRECTION"
576,"Are you sure?","[CORRECTION_RESPONSE]","CORRECTION"
577,"Is it really?","[CORRECTION_RESPONSE]","CORRECTION"
578,"Since when?","[CORRECTION_RESPONSE]","CORRECTION"
579,"No way!","[CORRECTION_RESPONSE]","CORRECTION"
580,"You're partly wrong","[CORRECTION_RESPONSE]","CORRECTION"
581,"You're somewhat right","[CORRECTION_RESPONSE]","CORRECTION"
582,"somewhat okay","[CORRECTION_RESPONSE]","CORRECTION"
583,"mostly wrong","[CORRECTION_RESPONSE]","CORRECTION"
584,"Really?","[CORRECTION_RESPONSE]","CORRECTION"
585,"Impossible!","[CORRECTION_RESPONSE]","CORRECTION"
586,"Never!","[CORRECTION_RESPONSE]","CORRECTION"
587,"That could never happen!","[CORRECTION_RESPONSE]","CORRECTION"
588,"That cannot be true","[CORRECTION_RESPONSE]","CORRECTION"
589,"that can't be true","[CORRECTION_RESPONSE]","CORRECTION"
590,"There is no way","[CORRECTION_RESPONSE]","CORRECTION"
591,"not in a million years","[CORRECTION_RESPONSE]","CORRECTION"
592,"when pigs fly","[CORRECTION_RESPONSE]","CORRECTION"
593,"when dogs meow","[CORRECTION_RESPONSE]","CORRECTION"
594,"Incorrect!","[CORRECTION_RESPONSE]","CORRECTION"
595,"Not correct!","[CORRECTION_RESPONSE]","CORRECTION"
596,"you idiot!","[CORRECTION_RESPONSE]","CORRECTION"
597,"I cannot believe you","[CORRECTION_RESPONSE]","CORRECTION"
598,"just no","[CORRECTION_RESPONSE]","CORRECTION"
599,"no just no","[CORRECTION_RESPONSE]","CORRECTION"
600,"Can I give you a correction?","[CORRECTION_RESPONSE]","CORRECTION"
601,"I have a correction","[CORRECTION_RESPONSE]","CORRECTION"
602,"Let me help you fix that","[CORRECTION_RESPONSE]","CORRECTION"
603,"That's not right","[CORRECTION_RESPONSE]","CORRECTION"
604,"That is not right","[CORRECTION_RESPONSE]","CORRECTION"
605,"A minor slip up has surfaced","[CORRECTION_RESPONSE]","CORRECTION"
606,"You have a minor slip up","[CORRECTION_RESPONSE]","CORRECTION"
607,"It's a minor slip up","[CORRECTION_RESPONSE]","CORRECTION"
608,"There have been a few hiccups along the way","[CORRECTION_RESPONSE]","CORRECTION"
609,"There's been an oversight","[CORRECTION_RESPONSE]","CORRECTION"
610,"There may have been some confusion","[CORRECTION_RESPONSE]","CORRECTION"
611,"It seems like we've hit a bump","[CORRECTION_RESPONSE]","CORRECTION"
612,"Let's recheck the statement together","[CORRECTION_RESPONSE]","CORRECTION"
613,"Let's fix that together","[CORRECTION_RESPONSE]","CORRECTION"
614,"Let's correct that together","[CORRECTION_RESPONSE]","CORRECTION"
615,"I want to correct you","[CORRECTION_RESPONSE]","CORRECTION"
616,"I have a correction for you","[CORRECTION_RESPONSE]","CORRECTION"
617,"I know the real answer","[CORRECTION_RESPONSE]","CORRECTION"
618,"You need to revise that","[CORRECTION_RESPONSE]","CORRECTION"
619,"A revision is needed","[CORRECTION_RESPONSE]","CORRECTION"
620,"Please adjust your answer","[CORRECTION_RESPONSE]","CORRECTION"
621,"Adjust your answer","[CORRECTION_RESPONSE]","CORRECTION"
622,"We'll need to make a few minor adjustments","[CORRECTION_RESPONSE]","CORRECTION"
623,"We'll need to make a few minor amendments","[CORRECTION_RESPONSE]","CORRECTION"
624,"Amend that","[CORRECTION_RESPONSE]","CORRECTION"
625,"Adjust that","[CORRECTION_RESPONSE]","CORRECTION"
626,"Fix that","[CORRECTION_RESPONSE]","CORRECTION"
627,"Correct that","[CORRECTION_RESPONSE]","CORRECTION"
628,"Change that","[CORRECTION_RESPONSE]","CORRECTION"
629,"There's been a little confusion about [SUBJECT_OF_ANSWER]","[CORRECTION_RESPONSE]","CORRECTION"
630,"It seems there was a bit of an oversight regarding [SUBJECT_OF_ANSWER]","[CORRECTION_RESPONSE]","CORRECTION"
631,"It seems there has been a bit of an oversight regarding [SUBJECT_OF_ANSWER]","[CORRECTION_RESPONSE]","CORRECTION"
632,"There is a bit of an oversight regarding [SUBJECT_OF_ANSWER]","[CORRECTION_RESPONSE]","CORRECTION"
633,"A bit of an oversight regarding [SUBJECT_OF_ANSWER]","[CORRECTION_RESPONSE]","CORRECTION"
634,"A bit of an oversight about [SUBJECT_OF_ANSWER]","[CORRECTION_RESPONSE]","CORRECTION"
635,"It looks like we may have hit a bump with [SUBJECT_OF_ANSWER]","[CORRECTION_RESPONSE]","CORRECTION"
636,"We may have hit a bump with [SUBJECT_OF_ANSWER]","[CORRECTION_RESPONSE]","CORRECTION"
637,"We hit a bump with [SUBJECT_OF_ANSWER]","[CORRECTION_RESPONSE]","CORRECTION"
638,"That's fine, but [POSSIBLE_CORRECTION]","[CORRECTION_RESPONSE]","CORRECTION"
639,"No [SUBJECT_OF_ANSWER] is [POSSIBLE_CORRECTION]","[CORRECTION_RESPONSE]","CORRECTION"
640,"Actually [SUBJECT_OF_ANSWER] is [POSSIBLE_CORRECTION]","[CORRECTION_RESPONSE]","CORRECTION"
641,"Well actually [SUBJECT_OF_ANSWER] is [POSSIBLE_CORRECTION]","[CORRECTION_RESPONSE]","CORRECTION"
642,"Fix [SUBJECT_OF_ANSWER] to be [POSSIBLE_CORRECTION]","[CORRECTION_RESPONSE]","CORRECTION"
643,"Correct [SUBJECT_OF_ANSWER] to be [POSSIBLE_CORRECTION]","[CORRECTION_RESPONSE]","CORRECTION"
644,"Correct [SUBJECT_OF_ANSWER] to be [POSSIBLE_CORRECTION]","[CORRECTION_RESPONSE]","CORRECTION"
645,"Please say [POSSIBLE_CORRECTION] next time","[CORRECTION_RESPONSE]","CORRECTION"
